{
    "kpis": {
        "faturamento_total": 9486700.5,
        "lucro_operacional": 1707606.0899999999,
        "total_unidades": 76,
        "ticket_medio": 124825.00657894737
    },
    "graficos": {
        "tendencia_mensal": {
            "labels": [
                "2024-03",
                "2024-04",
                "2024-05",
                "2024-07",
                "2024-08",
                "2024-09",
                "2024-12",
                "2025-01",
                "2025-02",
                "2025-03",
                "2025-04",
                "2025-05",
                "2025-06",
                "2025-07",
                "2025-08",
                "2025-09",
                "2025-10",
                "2025-11",
                "2025-12",
                "2026-01",
                "2026-02",
                "2026-03",
                "2026-04",
                "2026-05",
                "2026-06",
                "2026-07",
                "2026-08",
                "2026-09",
                "2026-10",
                "2026-11",
                "2026-12",
                "2027-01",
                "2027-02",
                "2027-03",
                "2027-04",
                "2027-05",
                "2027-06",
                "2027-07",
                "2027-08",
                "2027-09",
                "2027-10"
            ],
            "valores": [
                235000.0,
                112750.0,
                253000.0,
                96300.0,
                178000.0,
                248200.5,
                315800.0,
                58900.0,
                192500.0,
                230750.0,
                86500.0,
                139000.0,
                76800.0,
                229150.0,
                82000.0,
                312200.0,
                296400.0,
                198300.0,
                265000.0,
                323700.0,
                288200.0,
                194300.0,
                570350.0,
                394650.0,
                308400.0,
                277000.0,
                225500.0,
                322700.0,
                416050.0,
                79900.0,
                500400.0,
                211400.0,
                69800.0,
                159900.0,
                249300.0,
                283000.0,
                96800.0,
                222900.0,
                71900.0,
                342300.0,
                271700.0
            ]
        },
        "mix_produtos": {
            "Panamera": 4,
            "911 Turbo S": 3,
            "Taycan 4S": 3,
            "718 Boxster": 3,
            "Taycan Turbo": 3,
            "Cayenne Turbo GT": 3,
            "Macan": 3,
            "Macan Electric": 3,
            "Cayenne": 3,
            "Macan T": 3,
            "Cayenne E-Hybrid": 3,
            "Panamera 4": 2,
            "911 Carrera S": 2,
            "Macan GTS": 2,
            "Panamera Turbo S": 2,
            "911 Carrera Cabriolet": 2,
            "Taycan Cross Turismo": 2,
            "911 Targa 4S": 2,
            "Taycan GTS": 2,
            "911 Carrera GTS": 2,
            "Taycan Turbo S": 2,
            "Taycan": 2,
            "Panamera 4S": 2,
            "Panamera Turbo": 2,
            "718 Cayman": 2,
            "911 Dakar": 2,
            "Macan S": 2,
            "Cayenne Coupe": 1,
            "Panamera 4 E-Hybrid": 1,
            "Cayenne S": 1,
            "911 Turbo": 1,
            "Cayenne Turbo": 1,
            "718 Cayman GT4 RS": 1,
            "718 Boxster GTS": 1,
            "718 Cayman S": 1,
            "911 GT3": 1,
            "911 Carrera": 1
        },
        "mapa_estados": {
            "TX": 12,
            "CA": 11,
            "FL": 5,
            "AZ": 5,
            "NC": 5
        },
        "operacional": {
            "status_entrega": {
                "Delivered": 36,
                "Pending": 11,
                "In Transit": 9,
                "Cancelled": 6,
                "Awaiting Delivery": 5,
                "Awaiting Pickup": 3,
                "Shipped": 2,
                "Pending Review": 2,
                "Awaiting Review": 1,
                "Pending Approval": 1
            },
            "metodos_pagamento": {
                "Wire Transfer": 16,
                "Credit Card": 12,
                "Lease": 10,
                "Cash": 10,
                "Bank Transfer": 8,
                "Financing": 7,
                "Crypto Payment": 6,
                "ACH Payment": 4,
                "Debit Card": 3
            }
        }
    }
}